{
    "model_name": "SVM",
    "accuracy": 0.984903695991671,
    "precision": 0.9785637727759914,
    "recall": 0.9902386117136659,
    "f1_score": 0.984366576819407,
    "training_date": "2025-11-27 11:44:19",
    "dataset_size": 28811
}